"","env","id","y"
"1","DEH1_2023","B14A/OH43",180.8071544
"2","DEH1_2023","B73/MO17",249.1511115
"3","DEH1_2023","B73/TX779",189.8609905
"4","DEH1_2023","BGEM-0063-N/LH244",258.1920707
"5","DEH1_2023","BGEM-0089-N/LH244",206.2947104
"6","DEH1_2023","DK3IIH6/LH244",194.9629615
"7","DEH1_2023","DK78010/LH244",105.230069
"8","DEH1_2023","GEMN-0096/LH244",176.1803777
"9","DEH1_2023","GEMN-0096_LH212HT_0001/LH244",236.6578756
"10","DEH1_2023","GEMN-0096_LH212HT_0006/LH244",226.297248
"11","DEH1_2023","GEMN-0096_LH212HT_0009/LH244",210.6761762
"12","DEH1_2023","GEMN-0096_LH212HT_0017/LH244",229.5575178
"13","DEH1_2023","GEMN-0096_PHJ89_0001/LH244",227.8815195
"14","DEH1_2023","GEMN-0096_PHJ89_0006/LH244",200.9639164
"15","DEH1_2023","GEMN-0096_PHJ89_0007/LH244",213.9288592
"16","DEH1_2023","GEMN-0096_PHJ89_0009/LH244",213.323716
"17","DEH1_2023","GEMN-0096_PHJ89_0010/LH244",183.3284399
"18","DEH1_2023","GEMN-0096_PHK76_0001/LH244",183.5301407
"19","DEH1_2023","GEMN-0096_PHK76_0003/LH244",174.3973486
"20","DEH1_2023","GEMN-0096_PHK76_0004/LH244",200.9144866
"21","DEH1_2023","GEMN-0096_PHK76_0007/LH244",183.99708
"22","DEH1_2023","GEMN-0096_PHK76_0013/LH244",174.5605119
"23","DEH1_2023","GEMN-0096_PHN46_0001/LH244",231.9837775
"24","DEH1_2023","GEMN-0096_PHN46_0003/LH244",188.3900652
"25","DEH1_2023","GEMN-0096_PHN46_0004/LH244",185.3684406
"26","DEH1_2023","GEMN-0096_PHN46_0007/LH244",198.4730576
"27","DEH1_2023","GEMN-0096_PHN46_0020/LH244",164.6402303
"28","DEH1_2023","GEMN-0096_PHP02_0006/LH244",201.5711077
"29","DEH1_2023","GEMN-0096_PHP02_0011/LH244",213.7384504
"30","DEH1_2023","GEMN-0096_PHP02_0016/LH244",211.5969447
"31","DEH1_2023","GEMN-0096_PHP02_0025/LH244",169.8497149
"32","DEH1_2023","GEMN-0097_LH212HT_0019/LH244",238.2728318
"33","DEH1_2023","GEMN-0097_LH212HT_0020/LH244",257.5116477
"34","DEH1_2023","GEMN-0097_LH212HT_0047/LH244",214.8597102
"35","DEH1_2023","GEMN-0097_LH212HT_0058/LH244",243.7750894
"36","DEH1_2023","GEMN-0097_LH212HT_0062/LH244",200.3755499
"37","DEH1_2023","GEMN-0097_LH212HT_0085/LH244",193.786113
"38","DEH1_2023","GEMN-0097_PHJ89_0001/LH244",243.8521285
"39","DEH1_2023","GEMN-0097_PHJ89_0006/LH244",276.9517876
"40","DEH1_2023","GEMN-0097_PHJ89_0007/LH244",229.8944767
"41","DEH1_2023","GEMN-0097_PHJ89_0008/LH244",223.9142742
"42","DEH1_2023","GEMN-0097_PHJ89_0011/LH244",241.165908
"43","DEH1_2023","GEMN-0097_PHJ89_0012/LH244",268.1681166
"44","DEH1_2023","GEMN-0097_PHJ89_0020/LH244",199.395069
"45","DEH1_2023","GEMN-0097_PHJ89_0025/LH244",246.6428406
"46","DEH1_2023","GEMN-0097_PHJ89_0028/LH244",236.8312237
"47","DEH1_2023","GEMN-0097_PHJ89_0036/LH244",206.875674
"48","DEH1_2023","GEMN-0097_PHK76_0007/LH244",188.0709444
"49","DEH1_2023","GEMN-0097_PHK76_0009/LH244",236.0850536
"50","DEH1_2023","GEMN-0097_PHK76_0018/LH244",170.7597413
"51","DEH1_2023","GEMN-0097_PHK76_0041/LH244",223.6341433
"52","DEH1_2023","GEMN-0097_PHK76_0048/LH244",206.790616
"53","DEH1_2023","GEMN-0097_PHN46_0001/LH244",244.1806593
"54","DEH1_2023","GEMN-0097_PHN46_0003/LH244",228.3021429
"55","DEH1_2023","GEMN-0097_PHN46_0005/LH244",267.5367073
"56","DEH1_2023","GEMN-0097_PHN46_0008/LH244",227.0805841
"57","DEH1_2023","GEMN-0097_PHN46_0018/LH244",228.5134607
"58","DEH1_2023","GEMN-0097_PHP02_0006/LH244",231.6695253
"59","DEH1_2023","GEMN-0097_PHP02_0007/LH244",237.3417762
"60","DEH1_2023","GEMN-0098/LH244",223.29878
"61","DEH1_2023","GEMN-0124/LH244",254.4786492
"62","DEH1_2023","GEMN-0144/LH244",230.4569478
"63","DEH1_2023","GEMN-0157/LH244",203.0016284
"64","DEH1_2023","GEMN-0192_LH212HT_0001/LH244",200.9736561
"65","DEH1_2023","GEMN-0192_LH212HT_0018/LH244",236.9695094
"66","DEH1_2023","GEMN-0192_LH212HT_0023/LH244",204.1032501
"67","DEH1_2023","GEMN-0192_PHK76_0002/LH244",212.429032
"68","DEH1_2023","GEMN-0192_PHK76_0004/LH244",217.4528538
"69","DEH1_2023","GEMN-0192_PHK76_0005/LH244",159.7040849
"70","DEH1_2023","GEMN-0192_PHK76_0006/LH244",199.8900771
"71","DEH1_2023","GEMN-0192_PHK76_0009/LH244",180.0934133
"72","DEH1_2023","GEMN-0192_PHK76_0010/LH244",209.2059929
"73","DEH1_2023","GEMN-0192_PHK76_0012/LH244",189.8748774
"74","DEH1_2023","GEMN-0192_PHK76_0013/LH244",159.8897068
"75","DEH1_2023","GEMN-0192_PHK76_0014/LH244",198.0449038
"76","DEH1_2023","GEMN-0192_PHK76_0015/LH244",201.1209836
"77","DEH1_2023","GEMN-0192_PHK76_0021/LH244",233.7339919
"78","DEH1_2023","GEMN-0192_PHN46_0002/LH244",155.9522053
"79","DEH1_2023","GEMN-0192_PHN46_0005/LH244",185.5451026
"80","DEH1_2023","GEMN-0192_PHN46_0006/LH244",158.1945204
"81","DEH1_2023","GEMN-0192_PHN46_0010/LH244",212.0079151
"82","DEH1_2023","GEMN-0192_PHN46_0011/LH244",180.3156294
"83","DEH1_2023","GEMN-0192_PHN46_0014/LH244",200.3933471
"84","DEH1_2023","GEMN-0192_PHN46_0015/LH244",169.527321
"85","DEH1_2023","GEMN-0192_PHP02_0001/LH244",181.0401386
"86","DEH1_2023","GEMN-0225_LH212HT_0024/LH244",194.3590167
"87","DEH1_2023","GEMN-0225_PHJ89_0001/LH244",234.1760561
"88","DEH1_2023","GEMN-0225_PHJ89_0008/LH244",228.5790416
"89","DEH1_2023","GEMN-0225_PHJ89_0015/LH244",171.2343084
"90","DEH1_2023","GEMN-0225_PHJ89_0017/LH244",210.2204291
"91","DEH1_2023","GEMN-0225_PHJ89_0022/LH244",199.6125646
"92","DEH1_2023","GEMN-0225_PHK76_0002/LH244",229.1618079
"93","DEH1_2023","GEMN-0225_PHK76_0004/LH244",232.2789643
"94","DEH1_2023","GEMN-0225_PHK76_0007/LH244",229.2370468
"95","DEH1_2023","GEMN-0225_PHK76_0014/LH244",247.6725373
"96","DEH1_2023","GEMN-0225_PHK76_0019/LH244",225.6035692
"97","DEH1_2023","GEMN-0225_PHK76_0031/LH244",164.3134586
"98","DEH1_2023","GEMN-0225_PHN46_0003/LH244",218.3052338
"99","DEH1_2023","GEMN-0225_PHN46_0005/LH244",213.7944168
"100","DEH1_2023","GEMN-0225_PHP02_0001/LH244",248.6745359
"101","DEH1_2023","GEMN-0225_PHP02_0005/LH244",249.2875395
"102","DEH1_2023","GEMN-0225_PHP02_0008/LH244",195.56468
"103","DEH1_2023","GEMN-0225_PHP02_0010/LH244",238.033532
"104","DEH1_2023","GEMN-0225_PHP02_0013/LH244",234.1760561
"105","DEH1_2023","GEMN-0225_PHP02_0014/LH244",227.4201035
"106","DEH1_2023","GEMN-0238/LH244",214.9710343
"107","DEH1_2023","GEMN-0271/LH244",223.8148149
"108","DEH1_2023","LH244/PHK76",196.3972629
"109","DEH1_2023","LH82/LH244",180.328872
"110","DEH1_2023","MBUB/LH244",205.8232757
"111","DEH1_2023","MM501D/LH244",218.5741126
"112","DEH1_2023","MO17_PHW30-008-(2N)-01/LH244",206.3901194
"113","DEH1_2023","MO44_LH145_0127/LH244",216.3844943
"114","DEH1_2023","MO44_LH145_0138/LH244",170.2545075
"115","DEH1_2023","MO44_PHG47_0072/LH244",155.4996673
"116","DEH1_2023","MO44_PHG47_0125/LH244",166.7348497
"117","DEH1_2023","OH43/LH244",196.268604
"118","DEH1_2023","PH24E/LH244",231.1695398
"119","DEH1_2023","PHB47/PHN82",183.4099227
"120","DEH1_2023","PHK56/LH244",201.9203476
"121","DEH1_2023","PHN11/LH244",180.3808267
"122","DEH1_2023","PHN11_LH145_0005/LH244",173.6650506
"123","DEH1_2023","PHN11_LH145_0028/LH244",159.7999439
"124","DEH1_2023","PHN11_LH145_0085/LH244",168.2918911
"125","DEH1_2023","PHN11_OH43_0075/LH244",183.5223263
"126","DEH1_2023","PHN11_PHG47_0251/LH244",189.0351804
"127","DEH1_2023","PHN11_PHG47_0287/LH244",181.5211929
"128","DEH1_2023","PHN11_PHW65_0323/LH244",207.8680172
"129","DEH1_2023","PHN11_PHW65_0359/LH244",190.1947347
"130","DEH1_2023","PHR03/LH244",215.313173
"131","DEH1_2023","PHRE1/PHTD5",150.6595445
"132","DEH1_2023","PHW30/LH244",199.6997411
"133","DEH1_2023","PHW30_MO17-129-(2N)-01/LH244",210.2200788
"134","DEH1_2023","PHW30_MO17-234-(2N)-02/LH244",217.9416406
"135","DEH1_2023","PHW65_MOG_0176/LH244",157.2341711
"136","DEH1_2023","PHW65_MOG_0271/LH244",186.9449386
"137","DEH1_2023","TX777/LH195",184.553905
"138","DEH1_2023","W10001_0003/LH244",145.8643033
"139","DEH1_2023","W10001_0007/LH244",109.152594
"140","DEH1_2023","W10001_0009/LH244",83.41414741
"141","DEH1_2023","W10001_0017/LH244",200.9106502
"142","DEH1_2023","W10001_0021/LH244",101.5643929
"143","DEH1_2023","W10001_0040/LH244",149.7690746
"144","DEH1_2023","W10005_0029/LH244",212.2599797
"145","DEH1_2023","W10005_0111/LH244",169.6023145
"146","DEH1_2023","W10005_0220/LH244",177.2011963
"147","DEH1_2023","W10010_0124/LH244",254.7336186
"148","DEH1_2023","W10010_0148/LH244",190.0157381
"149","DEH1_2023","W10010_0170/LH244",202.6430674
"150","DEH1_2023","W10010_0189/LH244",149.7044731
"151","DEH1_2023","W10010_0294/LH244",217.4288379
"152","DEH1_2023","W10010_0337/LH244",142.7786908
"153","DEH1_2023","CG119/CG108",55.15412307
"154","DEH1_2023","CG44/CGR01",133.1339158
"155","DEH1_2023","PHJ40/PHAJ0",95.49293157
"156","GAH1_2023","B73/MO17",129.040122
"157","GAH1_2023","B73/PHN82",172.6138534
"158","GAH1_2023","B97/LH244",80.24603303
"159","GAH1_2023","BGEM-0039-N/LH244",102.3008912
"160","GAH1_2023","BGEM-0063-N/LH244",100.0191379
"161","GAH1_2023","BGEM-0089-N/LH244",70.47646775
"162","GAH1_2023","BGEM-0129-N/LH244",57.49200444
"163","GAH1_2023","DK3IIH6/LH244",150.8762421
"164","GAH1_2023","DK78010/LH244",55.6979005
"165","GAH1_2023","GEMN-0096/LH244",78.47670326
"166","GAH1_2023","GEMN-0096_LH212HT_0004/LH244",152.7477214
"167","GAH1_2023","GEMN-0096_LH212HT_0006/LH244",73.77402709
"168","GAH1_2023","GEMN-0096_LH212HT_0017/LH244",128.6968393
"169","GAH1_2023","GEMN-0096_PHJ89_0001/LH244",135.8006323
"170","GAH1_2023","GEMN-0096_PHJ89_0002/LH244",86.52408976
"171","GAH1_2023","GEMN-0096_PHJ89_0010/LH244",150.664581
"172","GAH1_2023","GEMN-0096_PHJ89_0012/LH244",93.35157488
"173","GAH1_2023","GEMN-0096_PHJ89_0013/LH244",103.1220138
"174","GAH1_2023","GEMN-0096_PHK76_0013/LH244",100.4658061
"175","GAH1_2023","GEMN-0096_PHN46_0007/LH244",89.41470289
"176","GAH1_2023","GEMN-0096_PHN46_0012/LH244",170.1845213
"177","GAH1_2023","GEMN-0096_PHN46_0013/LH244",162.7790101
"178","GAH1_2023","GEMN-0096_PHP02_0003/LH244",54.44683049
"179","GAH1_2023","GEMN-0096_PHP02_0005/LH244",125.8857044
"180","GAH1_2023","GEMN-0096_PHP02_0006/LH244",114.6316256
"181","GAH1_2023","GEMN-0096_PHP02_0016/LH244",74.54186787
"182","GAH1_2023","GEMN-0096_PHP02_0025/LH244",126.3514494
"183","GAH1_2023","GEMN-0097_LH212HT_0020/LH244",122.4738647
"184","GAH1_2023","GEMN-0097_LH212HT_0026/LH244",106.6379897
"185","GAH1_2023","GEMN-0097_LH212HT_0047/LH244",111.4802192
"186","GAH1_2023","GEMN-0097_LH212HT_0062/LH244",103.1953112
"187","GAH1_2023","GEMN-0097_PHJ89_0006/LH244",94.18693604
"188","GAH1_2023","GEMN-0097_PHJ89_0026/LH244",132.3000231
"189","GAH1_2023","GEMN-0097_PHJ89_0028/LH244",154.4004432
"190","GAH1_2023","GEMN-0097_PHK76_0007/LH244",128.039897
"191","GAH1_2023","GEMN-0097_PHK76_0009/LH244",102.7668822
"192","GAH1_2023","GEMN-0097_PHK76_0018/LH244",168.8054633
"193","GAH1_2023","GEMN-0097_PHK76_0038/LH244",130.000452
"194","GAH1_2023","GEMN-0097_PHK76_0041/LH244",67.86847166
"195","GAH1_2023","GEMN-0097_PHK76_0048/LH244",82.11845726
"196","GAH1_2023","GEMN-0097_PHK76_0055/LH244",91.14185217
"197","GAH1_2023","GEMN-0097_PHN46_0003/LH244",37.62340064
"198","GAH1_2023","GEMN-0097_PHN46_0008/LH244",88.80877389
"199","GAH1_2023","GEMN-0097_PHN46_0014/LH244",127.7748548
"200","GAH1_2023","GEMN-0097_PHP02_0005/LH244",116.4977923
"201","GAH1_2023","GEMN-0097_PHP02_0006/LH244",132.6541574
"202","GAH1_2023","GEMN-0098/LH244",159.1412293
"203","GAH1_2023","GEMN-0124/LH244",124.4241263
"204","GAH1_2023","GEMN-0187/LH244",187.2343811
"205","GAH1_2023","GEMN-0192_LH212HT_0001/LH244",112.3866891
"206","GAH1_2023","GEMN-0192_LH212HT_0006/LH244",27.32655781
"207","GAH1_2023","GEMN-0192_LH212HT_0011/LH244",121.4303468
"208","GAH1_2023","GEMN-0192_LH212HT_0012/LH244",152.5644729
"209","GAH1_2023","GEMN-0192_LH212HT_0018/LH244",157.4574722
"210","GAH1_2023","GEMN-0192_PHJ89_0001/LH244",115.9488321
"211","GAH1_2023","GEMN-0192_PHK76_0002/LH244",83.16043296
"212","GAH1_2023","GEMN-0192_PHK76_0004/LH244",141.2490466
"213","GAH1_2023","GEMN-0192_PHK76_0006/LH244",129.4556062
"214","GAH1_2023","GEMN-0192_PHK76_0009/LH244",117.1617812
"215","GAH1_2023","GEMN-0192_PHK76_0010/LH244",154.6420024
"216","GAH1_2023","GEMN-0192_PHK76_0014/LH244",67.26317693
"217","GAH1_2023","GEMN-0192_PHK76_0016/LH244",177.968577
"218","GAH1_2023","GEMN-0192_PHK76_0044/LH244",87.85017772
"219","GAH1_2023","GEMN-0192_PHK76_0045/LH244",113.8244426
"220","GAH1_2023","GEMN-0192_PHN46_0002/LH244",123.5788128
"221","GAH1_2023","GEMN-0192_PHN46_0005/LH244",102.4824399
"222","GAH1_2023","GEMN-0192_PHN46_0006/LH244",105.4384151
"223","GAH1_2023","GEMN-0192_PHN46_0008/LH244",128.8442135
"224","GAH1_2023","GEMN-0192_PHN46_0010/LH244",101.7184189
"225","GAH1_2023","GEMN-0192_PHN46_0015/LH244",113.6492597
"226","GAH1_2023","GEMN-0192_PHP02_0001/LH244",132.8663482
"227","GAH1_2023","GEMN-0225/LH244",57.81636123
"228","GAH1_2023","GEMN-0225_LH212HT_0008/LH244",130.6778216
"229","GAH1_2023","GEMN-0225_LH212HT_0015/LH244",136.3798693
"230","GAH1_2023","GEMN-0225_PHJ89_0001/LH244",190.4344336
"231","GAH1_2023","GEMN-0225_PHJ89_0005/LH244",117.4002841
"232","GAH1_2023","GEMN-0225_PHJ89_0015/LH244",183.2994957
"233","GAH1_2023","GEMN-0225_PHJ89_0017/LH244",127.0818926
"234","GAH1_2023","GEMN-0225_PHJ89_0021/LH244",141.2630489
"235","GAH1_2023","GEMN-0225_PHJ89_0022/LH244",143.7115863
"236","GAH1_2023","GEMN-0225_PHK76_0002/LH244",143.5446347
"237","GAH1_2023","GEMN-0225_PHK76_0018/LH244",145.8896472
"238","GAH1_2023","GEMN-0225_PHK76_0019/LH244",124.1250772
"239","GAH1_2023","GEMN-0225_PHK76_0028/LH244",106.2154638
"240","GAH1_2023","GEMN-0225_PHK76_0031/LH244",92.97208493
"241","GAH1_2023","GEMN-0225_PHN46_0001/LH244",153.398483
"242","GAH1_2023","GEMN-0225_PHN46_0005/LH244",82.25552405
"243","GAH1_2023","GEMN-0225_PHP02_0003/LH244",83.90817526
"244","GAH1_2023","GEMN-0225_PHP02_0005/LH244",201.5465141
"245","GAH1_2023","GEMN-0225_PHP02_0008/LH244",101.3353424
"246","GAH1_2023","GEMN-0225_PHP02_0014/LH244",111.393373
"247","GAH1_2023","GEMN-0287/LH244",168.3459294
"248","GAH1_2023","LH216/LH244",116.4385379
"249","GAH1_2023","LH287/LH244",111.9074293
"250","GAH1_2023","MM501D/LH244",151.9125411
"251","GAH1_2023","MO44_LH145_0127/LH244",96.95033436
"252","GAH1_2023","MO44_LH145_0138/LH244",77.88029987
"253","GAH1_2023","MO44_PHW65_0035/LH244",100.7154237
"254","GAH1_2023","MOG/LH244",113.4349027
"255","GAH1_2023","OH43/LH244",109.0779846
"256","GAH1_2023","PH207/LH244",106.8106593
"257","GAH1_2023","PH24E/LH244",117.7939493
"258","GAH1_2023","PHB47/PHZ51",75.28567288
"259","GAH1_2023","PHG29/PHG47",77.90827775
"260","GAH1_2023","PHG47/LH244",52.21061723
"261","GAH1_2023","PHJ89/LH244",136.518723
"262","GAH1_2023","PHN11/LH244",130.7204028
"263","GAH1_2023","PHN11_LH145_0085/LH244",19.52078658
"264","GAH1_2023","PHN11_OH43_0075/LH244",87.04840361
"265","GAH1_2023","PHN11_OH43_0088/LH244",76.49712982
"266","GAH1_2023","PHN11_PHG47_0287/LH244",69.79834443
"267","GAH1_2023","PHN11_PHW65_0312/LH244",136.3386227
"268","GAH1_2023","PHP02/LH244",110.3790902
"269","GAH1_2023","PHP55/LH244",161.5346846
"270","GAH1_2023","PHR03/LH244",91.24626472
"271","GAH1_2023","PHW30/LH244",119.1583061
"272","GAH1_2023","PHW30_MO17-129-(2N)-01/LH244",147.8639446
"273","GAH1_2023","PHW30_MO17-234-(2N)-02/LH244",90.96018779
"274","GAH1_2023","TX777/LH195",122.1695492
"275","GAH1_2023","W10001_0003/LH244",81.93479837
"276","GAH1_2023","W10001_0017/LH244",101.4889741
"277","GAH1_2023","W10005_0029/LH244",109.254597
"278","GAH1_2023","W10005_0111/LH244",121.4388533
"279","GAH1_2023","W10005_0220/LH244",159.4241033
"280","GAH1_2023","W10010_0124/LH244",92.56472839
"281","GAH1_2023","W10010_0189/LH244",133.3697136
"282","GAH1_2023","W10010_0337/LH244",112.2019501
"283","GAH1_2023","CG119/CG108",46.12895047
"284","GAH1_2023","CG44/CGR01",75.53769289
"285","GAH1_2023","PHJ40/PHAJ0",30.61902611
"286","IAH1_2023","B14A/OH43",205.0682331
"287","IAH1_2023","B73/MO17",188.7559847
"288","IAH1_2023","B73/PHN82",228.7824749
"289","IAH1_2023","B73/TX779",72.25308344
"290","IAH1_2023","B97/LH244",194.2591365
"291","IAH1_2023","BGEM-0039-N/LH244",139.1615491
"292","IAH1_2023","BGEM-0063-N/LH244",192.320635
"293","IAH1_2023","BGEM-0089-N/LH244",147.6538291
"294","IAH1_2023","DK3IIH6/LH244",213.5196081
"295","IAH1_2023","GEMN-0096_LH212HT_0001/LH244",240.1470532
"296","IAH1_2023","GEMN-0096_LH212HT_0004/LH244",282.5924622
"297","IAH1_2023","GEMN-0096_LH212HT_0005/LH244",231.407174
"298","IAH1_2023","GEMN-0096_LH212HT_0006/LH244",232.8747794
"299","IAH1_2023","GEMN-0096_LH212HT_0009/LH244",214.5560135
"300","IAH1_2023","GEMN-0096_LH212HT_0017/LH244",215.6821245
"301","IAH1_2023","GEMN-0096_PHJ89_0001/LH244",204.728686
"302","IAH1_2023","GEMN-0096_PHJ89_0002/LH244",167.5523485
"303","IAH1_2023","GEMN-0096_PHJ89_0007/LH244",186.195776
"304","IAH1_2023","GEMN-0096_PHJ89_0010/LH244",179.9593475
"305","IAH1_2023","GEMN-0096_PHJ89_0011/LH244",175.9024444
"306","IAH1_2023","GEMN-0096_PHJ89_0012/LH244",196.3447142
"307","IAH1_2023","GEMN-0096_PHJ89_0013/LH244",202.298037
"308","IAH1_2023","GEMN-0096_PHK76_0001/LH244",195.3191263
"309","IAH1_2023","GEMN-0096_PHK76_0004/LH244",169.5682807
"310","IAH1_2023","GEMN-0096_PHK76_0013/LH244",185.1652962
"311","IAH1_2023","GEMN-0096_PHN46_0001/LH244",220.6621987
"312","IAH1_2023","GEMN-0096_PHN46_0003/LH244",225.63696
"313","IAH1_2023","GEMN-0096_PHN46_0004/LH244",218.1755807
"314","IAH1_2023","GEMN-0096_PHN46_0007/LH244",225.1292948
"315","IAH1_2023","GEMN-0096_PHN46_0012/LH244",199.1103876
"316","IAH1_2023","GEMN-0096_PHN46_0013/LH244",219.9797885
"317","IAH1_2023","GEMN-0096_PHN46_0020/LH244",214.6671623
"318","IAH1_2023","GEMN-0096_PHP02_0003/LH244",215.8984253
"319","IAH1_2023","GEMN-0096_PHP02_0005/LH244",250.0189349
"320","IAH1_2023","GEMN-0096_PHP02_0006/LH244",213.7111673
"321","IAH1_2023","GEMN-0096_PHP02_0012/LH244",156.2785618
"322","IAH1_2023","GEMN-0096_PHP02_0016/LH244",253.1950643
"323","IAH1_2023","GEMN-0096_PHP02_0025/LH244",233.2387875
"324","IAH1_2023","GEMN-0097/LH244",211.0137718
"325","IAH1_2023","GEMN-0097_LH212HT_0019/LH244",229.1020341
"326","IAH1_2023","GEMN-0097_LH212HT_0020/LH244",250.7612065
"327","IAH1_2023","GEMN-0097_LH212HT_0026/LH244",207.6030358
"328","IAH1_2023","GEMN-0097_LH212HT_0054/LH244",212.6633812
"329","IAH1_2023","GEMN-0097_LH212HT_0058/LH244",240.3318979
"330","IAH1_2023","GEMN-0097_LH212HT_0062/LH244",193.6150735
"331","IAH1_2023","GEMN-0097_LH212HT_0085/LH244",208.3605096
"332","IAH1_2023","GEMN-0097_PHJ89_0005/LH244",198.4028861
"333","IAH1_2023","GEMN-0097_PHJ89_0007/LH244",197.623898
"334","IAH1_2023","GEMN-0097_PHJ89_0008/LH244",233.8895311
"335","IAH1_2023","GEMN-0097_PHJ89_0011/LH244",218.3287587
"336","IAH1_2023","GEMN-0097_PHJ89_0012/LH244",212.3831685
"337","IAH1_2023","GEMN-0097_PHJ89_0025/LH244",230.391791
"338","IAH1_2023","GEMN-0097_PHJ89_0026/LH244",230.339662
"339","IAH1_2023","GEMN-0097_PHJ89_0027/LH244",218.8337412
"340","IAH1_2023","GEMN-0097_PHJ89_0028/LH244",208.3783944
"341","IAH1_2023","GEMN-0097_PHJ89_0029/LH244",166.6739946
"342","IAH1_2023","GEMN-0097_PHJ89_0036/LH244",181.3829247
"343","IAH1_2023","GEMN-0097_PHK76_0007/LH244",165.4788168
"344","IAH1_2023","GEMN-0097_PHK76_0009/LH244",239.2240399
"345","IAH1_2023","GEMN-0097_PHK76_0018/LH244",215.3726123
"346","IAH1_2023","GEMN-0097_PHK76_0060/LH244",212.4966318
"347","IAH1_2023","GEMN-0097_PHN46_0001/LH244",211.141122
"348","IAH1_2023","GEMN-0097_PHN46_0003/LH244",250.026457
"349","IAH1_2023","GEMN-0097_PHN46_0005/LH244",251.925349
"350","IAH1_2023","GEMN-0097_PHN46_0008/LH244",199.2093822
"351","IAH1_2023","GEMN-0097_PHN46_0011/LH244",206.4064904
"352","IAH1_2023","GEMN-0097_PHN46_0014/LH244",183.7576575
"353","IAH1_2023","GEMN-0097_PHP02_0005/LH244",225.3556427
"354","IAH1_2023","GEMN-0097_PHP02_0006/LH244",200.3820492
"355","IAH1_2023","GEMN-0097_PHP02_0007/LH244",203.2283094
"356","IAH1_2023","GEMN-0157/LH244",231.5156926
"357","IAH1_2023","GEMN-0187/LH244",217.9825301
"358","IAH1_2023","GEMN-0192_LH212HT_0001/LH244",234.7882422
"359","IAH1_2023","GEMN-0192_LH212HT_0006/LH244",256.644989
"360","IAH1_2023","GEMN-0192_LH212HT_0012/LH244",223.0272
"361","IAH1_2023","GEMN-0192_PHJ89_0001/LH244",133.0639907
"362","IAH1_2023","GEMN-0192_PHK76_0006/LH244",182.301572
"363","IAH1_2023","GEMN-0192_PHK76_0009/LH244",174.4295788
"364","IAH1_2023","GEMN-0192_PHK76_0010/LH244",199.8023188
"365","IAH1_2023","GEMN-0192_PHK76_0012/LH244",182.7832517
"366","IAH1_2023","GEMN-0192_PHK76_0013/LH244",166.2768469
"367","IAH1_2023","GEMN-0192_PHK76_0014/LH244",183.8787481
"368","IAH1_2023","GEMN-0192_PHK76_0016/LH244",183.5987984
"369","IAH1_2023","GEMN-0192_PHK76_0021/LH244",178.2986915
"370","IAH1_2023","GEMN-0192_PHK76_0028/LH244",185.5479782
"371","IAH1_2023","GEMN-0192_PHK76_0045/LH244",151.1394182
"372","IAH1_2023","GEMN-0192_PHN46_0002/LH244",142.5820165
"373","IAH1_2023","GEMN-0192_PHN46_0008/LH244",168.7716183
"374","IAH1_2023","GEMN-0192_PHN46_0010/LH244",165.9066842
"375","IAH1_2023","GEMN-0192_PHN46_0011/LH244",162.9128219
"376","IAH1_2023","GEMN-0192_PHN46_0015/LH244",142.1058601
"377","IAH1_2023","GEMN-0225/LH244",254.4314298
"378","IAH1_2023","GEMN-0225_LH212HT_0008/LH244",221.3258824
"379","IAH1_2023","GEMN-0225_LH212HT_0015/LH244",244.2075859
"380","IAH1_2023","GEMN-0225_LH212HT_0024/LH244",222.2940285
"381","IAH1_2023","GEMN-0225_LH212HT_0029/LH244",242.5954819
"382","IAH1_2023","GEMN-0225_PHJ89_0001/LH244",242.3427276
"383","IAH1_2023","GEMN-0225_PHJ89_0005/LH244",199.4291578
"384","IAH1_2023","GEMN-0225_PHJ89_0008/LH244",201.3906465
"385","IAH1_2023","GEMN-0225_PHJ89_0015/LH244",211.8070151
"386","IAH1_2023","GEMN-0225_PHJ89_0017/LH244",188.7109045
"387","IAH1_2023","GEMN-0225_PHJ89_0020/LH244",203.7768467
"388","IAH1_2023","GEMN-0225_PHJ89_0022/LH244",206.6923841
"389","IAH1_2023","GEMN-0225_PHJ89_0032/LH244",208.9627012
"390","IAH1_2023","GEMN-0225_PHK76_0002/LH244",190.9035805
"391","IAH1_2023","GEMN-0225_PHK76_0004/LH244",233.3244242
"392","IAH1_2023","GEMN-0225_PHK76_0007/LH244",215.1165441
"393","IAH1_2023","GEMN-0225_PHK76_0014/LH244",220.140173
"394","IAH1_2023","GEMN-0225_PHK76_0018/LH244",212.8304462
"395","IAH1_2023","GEMN-0225_PHK76_0019/LH244",205.4768491
"396","IAH1_2023","GEMN-0225_PHK76_0028/LH244",204.7992784
"397","IAH1_2023","GEMN-0225_PHK76_0031/LH244",182.7128171
"398","IAH1_2023","GEMN-0225_PHN46_0001/LH244",240.1513666
"399","IAH1_2023","GEMN-0225_PHN46_0003/LH244",260.5461365
"400","IAH1_2023","GEMN-0225_PHN46_0005/LH244",236.2811492
"401","IAH1_2023","GEMN-0225_PHP02_0003/LH244",223.5302888
"402","IAH1_2023","GEMN-0225_PHP02_0005/LH244",241.1044129
"403","IAH1_2023","GEMN-0225_PHP02_0010/LH244",200.2232954
"404","IAH1_2023","GEMN-0225_PHP02_0013/LH244",203.6093608
"405","IAH1_2023","GEMN-0225_PHP02_0014/LH244",198.1280915
"406","IAH1_2023","GEMN-0238/LH244",234.5865648
"407","IAH1_2023","GEMN-0271/LH244",217.2201643
"408","IAH1_2023","GEMN-0287/LH244",234.9222729
"409","IAH1_2023","LH216/LH244",201.6823792
"410","IAH1_2023","LH244/PHK76",189.9012429
"411","IAH1_2023","LH283/LH244",186.1670582
"412","IAH1_2023","LH82/LH244",179.1081003
"413","IAH1_2023","MO17_PHW30-008-(2N)-01/LH244",221.8924096
"414","IAH1_2023","MO17_PHW30-200-(2N)-02/LH244",236.3296486
"415","IAH1_2023","MO44_LH145_0127/LH244",166.9457909
"416","IAH1_2023","MO44_LH145_0138/LH244",97.92157548
"417","IAH1_2023","MO44_PHG47_0072/LH244",161.1252891
"418","IAH1_2023","MO44_PHG47_0125/LH244",200.4766283
"419","IAH1_2023","MO44_PHW65_0035/LH244",182.4887837
"420","IAH1_2023","PH207/LH244",182.3771616
"421","IAH1_2023","PH24E/LH244",220.0778918
"422","IAH1_2023","PHG29/PHG47",145.8040677
"423","IAH1_2023","PHG47/LH244",200.8919764
"424","IAH1_2023","PHJ89/LH244",213.7263693
"425","IAH1_2023","PHJ90/LH244",210.8114631
"426","IAH1_2023","PHK56/LH244",207.9225424
"427","IAH1_2023","PHN11_LH145_0005/LH244",176.8558093
"428","IAH1_2023","PHN11_LH145_0028/LH244",109.7560505
"429","IAH1_2023","PHN11_LH145_0085/LH244",156.4321081
"430","IAH1_2023","PHN11_OH43_0075/LH244",159.9236938
"431","IAH1_2023","PHN11_OH43_0088/LH244",158.9870565
"432","IAH1_2023","PHN11_PHG47_0251/LH244",185.6819564
"433","IAH1_2023","PHN11_PHG47_0287/LH244",189.4174591
"434","IAH1_2023","PHN11_PHW65_0323/LH244",223.4724262
"435","IAH1_2023","PHP02/LH244",213.0096098
"436","IAH1_2023","PHP55/LH244",237.882838
"437","IAH1_2023","PHRE1/PHTD5",108.5740419
"438","IAH1_2023","PHW30_MO17-234-(2N)-02/LH244",215.8107372
"439","IAH1_2023","PHW52/PHM49",212.7529114
"440","IAH1_2023","PHW65_MOG_0176/LH244",210.7187778
"441","IAH1_2023","PHW65_MOG_0271/LH244",188.0637904
"442","IAH1_2023","TX777/LH195",126.6493971
"443","IAH1_2023","W10001_0003/LH244",160.3723392
"444","IAH1_2023","W10001_0007/LH244",103.3824876
"445","IAH1_2023","W10001_0009/LH244",121.2825388
"446","IAH1_2023","W10001_0017/LH244",157.777413
"447","IAH1_2023","W10001_0021/LH244",148.1599163
"448","IAH1_2023","W10001_0022/LH244",155.1253081
"449","IAH1_2023","W10001_0040/LH244",151.0767162
"450","IAH1_2023","W10005_0029/LH244",178.4410861
"451","IAH1_2023","W10005_0220/LH244",185.6257245
"452","IAH1_2023","W10010_0118/LH244",186.9480421
"453","IAH1_2023","W10010_0124/LH244",216.8864025
"454","IAH1_2023","W10010_0294/LH244",173.3550182
"455","IAH1_2023","W10010_0337/LH244",210.5063696
"456","IAH1_2023","W10010_0358/LH244",156.1957131
"457","IAH1_2023","PHJ40/PHAJ0",55.34923705
"458","ILH1_2023","B37/H95",150.7114981
"459","ILH1_2023","B73/MO17",205.8415938
"460","ILH1_2023","B97/LH244",183.3338091
"461","ILH1_2023","BGEM-0039-N/LH244",167.5518012
"462","ILH1_2023","BGEM-0129-N/LH244",146.8801326
"463","ILH1_2023","DK3IIH6/LH244",196.7078283
"464","ILH1_2023","DK78010/LH244",128.6165992
"465","ILH1_2023","GEMN-0096_LH212HT_0005/LH244",210.5059274
"466","ILH1_2023","GEMN-0096_LH212HT_0006/LH244",193.3013219
"467","ILH1_2023","GEMN-0096_PHJ89_0001/LH244",201.7803987
"468","ILH1_2023","GEMN-0096_PHJ89_0006/LH244",185.2068734
"469","ILH1_2023","GEMN-0096_PHJ89_0007/LH244",183.0729015
"470","ILH1_2023","GEMN-0096_PHJ89_0009/LH244",172.10889
"471","ILH1_2023","GEMN-0096_PHJ89_0010/LH244",162.9973226
"472","ILH1_2023","GEMN-0096_PHJ89_0013/LH244",181.3744344
"473","ILH1_2023","GEMN-0096_PHJ89_0014/LH244",155.9215711
"474","ILH1_2023","GEMN-0096_PHK76_0001/LH244",142.857947
"475","ILH1_2023","GEMN-0096_PHK76_0003/LH244",178.7871356
"476","ILH1_2023","GEMN-0096_PHK76_0004/LH244",183.1934234
"477","ILH1_2023","GEMN-0096_PHK76_0007/LH244",155.87991
"478","ILH1_2023","GEMN-0096_PHN46_0001/LH244",211.7144136
"479","ILH1_2023","GEMN-0096_PHN46_0004/LH244",176.6116079
"480","ILH1_2023","GEMN-0096_PHN46_0012/LH244",196.2049712
"481","ILH1_2023","GEMN-0096_PHN46_0013/LH244",223.3932284
"482","ILH1_2023","GEMN-0096_PHN46_0020/LH244",183.7920808
"483","ILH1_2023","GEMN-0096_PHP02_0003/LH244",168.7631706
"484","ILH1_2023","GEMN-0096_PHP02_0005/LH244",186.9824754
"485","ILH1_2023","GEMN-0096_PHP02_0011/LH244",196.8050374
"486","ILH1_2023","GEMN-0096_PHP02_0012/LH244",161.5366181
"487","ILH1_2023","GEMN-0096_PHP02_0016/LH244",211.7025255
"488","ILH1_2023","GEMN-0096_PHP02_0025/LH244",193.1144783
"489","ILH1_2023","GEMN-0097_LH212HT_0019/LH244",206.890884
"490","ILH1_2023","GEMN-0097_LH212HT_0047/LH244",179.4780147
"491","ILH1_2023","GEMN-0097_LH212HT_0054/LH244",145.4811633
"492","ILH1_2023","GEMN-0097_LH212HT_0058/LH244",174.6707918
"493","ILH1_2023","GEMN-0097_LH212HT_0062/LH244",177.8557585
"494","ILH1_2023","GEMN-0097_LH212HT_0085/LH244",191.2946477
"495","ILH1_2023","GEMN-0097_PHJ89_0001/LH244",192.0469664
"496","ILH1_2023","GEMN-0097_PHJ89_0006/LH244",173.8414633
"497","ILH1_2023","GEMN-0097_PHJ89_0007/LH244",212.6457907
"498","ILH1_2023","GEMN-0097_PHJ89_0008/LH244",158.3735767
"499","ILH1_2023","GEMN-0097_PHJ89_0010/LH244",175.9529213
"500","ILH1_2023","GEMN-0097_PHJ89_0012/LH244",187.3860405
"501","ILH1_2023","GEMN-0097_PHJ89_0016/LH244",183.3997298
"502","ILH1_2023","GEMN-0097_PHJ89_0020/LH244",186.3704372
"503","ILH1_2023","GEMN-0097_PHJ89_0025/LH244",207.500167
"504","ILH1_2023","GEMN-0097_PHJ89_0026/LH244",195.9757927
"505","ILH1_2023","GEMN-0097_PHJ89_0027/LH244",205.8693465
"506","ILH1_2023","GEMN-0097_PHJ89_0028/LH244",195.5091047
"507","ILH1_2023","GEMN-0097_PHJ89_0029/LH244",175.1215939
"508","ILH1_2023","GEMN-0097_PHJ89_0036/LH244",234.5844821
"509","ILH1_2023","GEMN-0097_PHK76_0018/LH244",176.6289667
"510","ILH1_2023","GEMN-0097_PHK76_0038/LH244",188.5178325
"511","ILH1_2023","GEMN-0097_PHK76_0041/LH244",181.9379107
"512","ILH1_2023","GEMN-0097_PHK76_0055/LH244",199.6127613
"513","ILH1_2023","GEMN-0097_PHK76_0060/LH244",168.8700159
"514","ILH1_2023","GEMN-0097_PHN46_0003/LH244",156.4757894
"515","ILH1_2023","GEMN-0097_PHN46_0005/LH244",183.371788
"516","ILH1_2023","GEMN-0098/LH244",218.0212668
"517","ILH1_2023","GEMN-0144/LH244",226.5326415
"518","ILH1_2023","GEMN-0187/LH244",225.4373555
"519","ILH1_2023","GEMN-0192_LH212HT_0006/LH244",194.0100645
"520","ILH1_2023","GEMN-0192_LH212HT_0011/LH244",194.39322
"521","ILH1_2023","GEMN-0192_LH212HT_0018/LH244",208.8637875
"522","ILH1_2023","GEMN-0192_LH212HT_0023/LH244",204.2472382
"523","ILH1_2023","GEMN-0192_PHJ89_0001/LH244",188.447998
"524","ILH1_2023","GEMN-0192_PHK76_0002/LH244",202.0790748
"525","ILH1_2023","GEMN-0192_PHK76_0004/LH244",186.8120652
"526","ILH1_2023","GEMN-0192_PHK76_0006/LH244",198.7514079
"527","ILH1_2023","GEMN-0192_PHK76_0009/LH244",115.4409122
"528","ILH1_2023","GEMN-0192_PHK76_0012/LH244",166.6672402
"529","ILH1_2023","GEMN-0192_PHK76_0013/LH244",171.8502756
"530","ILH1_2023","GEMN-0192_PHK76_0015/LH244",168.5496051
"531","ILH1_2023","GEMN-0192_PHK76_0016/LH244",173.7073273
"532","ILH1_2023","GEMN-0192_PHK76_0028/LH244",178.0007732
"533","ILH1_2023","GEMN-0192_PHN46_0002/LH244",183.2723696
"534","ILH1_2023","GEMN-0192_PHN46_0006/LH244",108.2205668
"535","ILH1_2023","GEMN-0192_PHN46_0011/LH244",155.9606646
"536","ILH1_2023","GEMN-0192_PHN46_0014/LH244",193.966804
"537","ILH1_2023","GEMN-0192_PHN46_0015/LH244",157.2455721
"538","ILH1_2023","GEMN-0192_PHN46_0025/LH244",140.6111958
"539","ILH1_2023","GEMN-0192_PHP02_0001/LH244",153.7936585
"540","ILH1_2023","GEMN-0225/LH244",160.0604286
"541","ILH1_2023","GEMN-0225_LH212HT_0008/LH244",178.1668914
"542","ILH1_2023","GEMN-0225_LH212HT_0015/LH244",192.5019767
"543","ILH1_2023","GEMN-0225_LH212HT_0029/LH244",193.5692355
"544","ILH1_2023","GEMN-0225_PHJ89_0001/LH244",206.2877882
"545","ILH1_2023","GEMN-0225_PHJ89_0004/LH244",175.2143845
"546","ILH1_2023","GEMN-0225_PHJ89_0005/LH244",166.1102866
"547","ILH1_2023","GEMN-0225_PHJ89_0015/LH244",193.4024861
"548","ILH1_2023","GEMN-0225_PHJ89_0017/LH244",175.0735154
"549","ILH1_2023","GEMN-0225_PHJ89_0020/LH244",197.8284899
"550","ILH1_2023","GEMN-0225_PHK76_0002/LH244",190.6542454
"551","ILH1_2023","GEMN-0225_PHK76_0007/LH244",154.3796912
"552","ILH1_2023","GEMN-0225_PHK76_0018/LH244",181.5324518
"553","ILH1_2023","GEMN-0225_PHK76_0031/LH244",158.6111289
"554","ILH1_2023","GEMN-0225_PHN46_0003/LH244",166.3903415
"555","ILH1_2023","GEMN-0225_PHN46_0005/LH244",146.8925894
"556","ILH1_2023","GEMN-0225_PHP02_0001/LH244",191.5860647
"557","ILH1_2023","GEMN-0225_PHP02_0005/LH244",187.102241
"558","ILH1_2023","GEMN-0225_PHP02_0006/LH244",186.5998886
"559","ILH1_2023","GEMN-0225_PHP02_0008/LH244",99.62938445
"560","ILH1_2023","GEMN-0225_PHP02_0013/LH244",190.1697565
"561","ILH1_2023","LH195/PHZ51",153.1345198
"562","ILH1_2023","LH216/LH244",208.4924576
"563","ILH1_2023","LH244/PHK76",177.4882473
"564","ILH1_2023","LH283/LH244",184.5905416
"565","ILH1_2023","LH287/LH244",172.5144328
"566","ILH1_2023","MBUB/LH244",173.8319949
"567","ILH1_2023","MM501D/LH244",177.8722444
"568","ILH1_2023","MO17_PHW30-008-(2N)-01/LH244",186.0098794
"569","ILH1_2023","MO44_LH145_0127/LH244",179.8624327
"570","ILH1_2023","MO44_LH145_0138/LH244",139.8257803
"571","ILH1_2023","MO44_PHG47_0072/LH244",163.3004799
"572","ILH1_2023","MO44_PHG47_0125/LH244",118.3513999
"573","ILH1_2023","MOG/LH244",170.3095004
"574","ILH1_2023","NKH8431/LH244",124.6070382
"575","ILH1_2023","PH207/LH244",151.2208154
"576","ILH1_2023","PHB47/PHZ51",167.7354047
"577","ILH1_2023","PHG29/PHG47",145.44411
"578","ILH1_2023","PHJ89/LH244",170.6390014
"579","ILH1_2023","PHJ90/LH244",172.7422222
"580","ILH1_2023","PHK56/LH244",188.8161618
"581","ILH1_2023","PHN11/LH244",147.4026217
"582","ILH1_2023","PHN11_LH145_0005/LH244",155.9754359
"583","ILH1_2023","PHN11_LH145_0028/LH244",157.8082067
"584","ILH1_2023","PHN11_LH145_0085/LH244",175.6994833
"585","ILH1_2023","PHN11_OH43_0075/LH244",167.5675819
"586","ILH1_2023","PHN11_PHG47_0287/LH244",177.976997
"587","ILH1_2023","PHN11_PHW65_0312/LH244",181.6313442
"588","ILH1_2023","PHP02/LH244",188.9375154
"589","ILH1_2023","PHP55/LH244",225.0835308
"590","ILH1_2023","PHRE1/PHTD5",118.352904
"591","ILH1_2023","PHW30_MO17-129-(2N)-01/LH244",212.1343282
"592","ILH1_2023","PHW30_MO17-234-(2N)-02/LH244",162.5505809
"593","ILH1_2023","PHW52/PHM49",167.8468691
"594","ILH1_2023","PHW65_MOG_0271/LH244",163.3094223
"595","ILH1_2023","TX777/LH195",132.5615645
"596","ILH1_2023","W10001_0009/LH244",111.5194076
"597","ILH1_2023","W10001_0021/LH244",123.35767
"598","ILH1_2023","W10005_0111/LH244",155.6143734
"599","ILH1_2023","W10010_0118/LH244",171.4134871
"600","ILH1_2023","W10010_0124/LH244",231.2365534
"601","ILH1_2023","W10010_0170/LH244",168.4422963
"602","ILH1_2023","W10010_0337/LH244",176.5745446
"603","ILH1_2023","CG119/CG108",60.38480672
"604","ILH1_2023","PHJ40/PHAJ0",78.07308088
"605","INH1_2023","B14A/OH43",197.343247
"606","INH1_2023","B37/H95",198.5098793
"607","INH1_2023","B97/LH244",207.5333781
"608","INH1_2023","BGEM-0039-N/LH244",208.6202547
"609","INH1_2023","BGEM-0063-N/LH244",158.0767853
"610","INH1_2023","BGEM-0129-N/LH244",160.1332738
"611","INH1_2023","DK78010/LH244",171.9187761
"612","INH1_2023","GEMN-0096_LH212HT_0001/LH244",241.3681939
"613","INH1_2023","GEMN-0096_LH212HT_0004/LH244",231.0729861
"614","INH1_2023","GEMN-0096_LH212HT_0009/LH244",249.4021847
"615","INH1_2023","GEMN-0096_LH212HT_0017/LH244",218.8447404
"616","INH1_2023","GEMN-0096_PHJ89_0001/LH244",223.4124894
"617","INH1_2023","GEMN-0096_PHJ89_0002/LH244",192.8894119
"618","INH1_2023","GEMN-0096_PHJ89_0007/LH244",219.3441891
"619","INH1_2023","GEMN-0096_PHJ89_0009/LH244",202.0771721
"620","INH1_2023","GEMN-0096_PHJ89_0011/LH244",195.103939
"621","INH1_2023","GEMN-0096_PHJ89_0012/LH244",227.8670486
"622","INH1_2023","GEMN-0096_PHJ89_0013/LH244",203.3156066
"623","INH1_2023","GEMN-0096_PHJ89_0014/LH244",160.3484104
"624","INH1_2023","GEMN-0096_PHK76_0001/LH244",163.4406917
"625","INH1_2023","GEMN-0096_PHK76_0007/LH244",182.0474273
"626","INH1_2023","GEMN-0096_PHN46_0001/LH244",245.941687
"627","INH1_2023","GEMN-0096_PHN46_0003/LH244",222.1250575
"628","INH1_2023","GEMN-0096_PHN46_0007/LH244",181.7663309
"629","INH1_2023","GEMN-0096_PHN46_0013/LH244",249.8077137
"630","INH1_2023","GEMN-0096_PHP02_0005/LH244",252.5203393
"631","INH1_2023","GEMN-0096_PHP02_0006/LH244",246.8706724
"632","INH1_2023","GEMN-0096_PHP02_0011/LH244",169.5150349
"633","INH1_2023","GEMN-0096_PHP02_0012/LH244",175.8500262
"634","INH1_2023","GEMN-0096_PHP02_0025/LH244",194.7894331
"635","INH1_2023","GEMN-0097/LH244",220.8748647
"636","INH1_2023","GEMN-0097_LH212HT_0047/LH244",220.657347
"637","INH1_2023","GEMN-0097_LH212HT_0058/LH244",240.2103252
"638","INH1_2023","GEMN-0097_PHJ89_0001/LH244",232.4030819
"639","INH1_2023","GEMN-0097_PHJ89_0006/LH244",257.5931339
"640","INH1_2023","GEMN-0097_PHJ89_0010/LH244",236.423023
"641","INH1_2023","GEMN-0097_PHJ89_0011/LH244",189.0956783
"642","INH1_2023","GEMN-0097_PHJ89_0016/LH244",238.8428431
"643","INH1_2023","GEMN-0097_PHJ89_0020/LH244",217.5348965
"644","INH1_2023","GEMN-0097_PHJ89_0026/LH244",242.6676295
"645","INH1_2023","GEMN-0097_PHJ89_0028/LH244",259.3255921
"646","INH1_2023","GEMN-0097_PHK76_0007/LH244",187.6827093
"647","INH1_2023","GEMN-0097_PHK76_0009/LH244",250.2361703
"648","INH1_2023","GEMN-0097_PHK76_0055/LH244",193.9665676
"649","INH1_2023","GEMN-0097_PHN46_0001/LH244",244.7659721
"650","INH1_2023","GEMN-0097_PHN46_0003/LH244",238.3148208
"651","INH1_2023","GEMN-0097_PHN46_0014/LH244",193.4718075
"652","INH1_2023","GEMN-0097_PHN46_0018/LH244",180.7923004
"653","INH1_2023","GEMN-0097_PHP02_0006/LH244",205.3324505
"654","INH1_2023","GEMN-0097_PHP02_0007/LH244",216.9991416
"655","INH1_2023","GEMN-0124/LH244",247.0849867
"656","INH1_2023","GEMN-0144/LH244",252.3099896
"657","INH1_2023","GEMN-0157/LH244",228.8911812
"658","INH1_2023","GEMN-0192_LH212HT_0001/LH244",245.8635024
"659","INH1_2023","GEMN-0192_LH212HT_0011/LH244",247.5883262
"660","INH1_2023","GEMN-0192_LH212HT_0023/LH244",231.6141905
"661","INH1_2023","GEMN-0192_PHK76_0010/LH244",181.4274614
"662","INH1_2023","GEMN-0192_PHK76_0014/LH244",197.8377739
"663","INH1_2023","GEMN-0192_PHK76_0015/LH244",220.4305503
"664","INH1_2023","GEMN-0192_PHK76_0036/LH244",166.0665902
"665","INH1_2023","GEMN-0192_PHK76_0044/LH244",235.7960978
"666","INH1_2023","GEMN-0192_PHN46_0006/LH244",170.8431914
"667","INH1_2023","GEMN-0192_PHN46_0008/LH244",196.3106332
"668","INH1_2023","GEMN-0192_PHN46_0011/LH244",178.4582994
"669","INH1_2023","GEMN-0192_PHN46_0014/LH244",183.6255782
"670","INH1_2023","GEMN-0192_PHN46_0025/LH244",188.6977837
"671","INH1_2023","GEMN-0225_LH212HT_0008/LH244",232.912227
"672","INH1_2023","GEMN-0225_LH212HT_0015/LH244",242.417537
"673","INH1_2023","GEMN-0225_LH212HT_0024/LH244",256.6595826
"674","INH1_2023","GEMN-0225_LH212HT_0029/LH244",216.0285232
"675","INH1_2023","GEMN-0225_PHJ89_0003/LH244",196.3064601
"676","INH1_2023","GEMN-0225_PHJ89_0004/LH244",208.5725093
"677","INH1_2023","GEMN-0225_PHJ89_0005/LH244",208.7205077
"678","INH1_2023","GEMN-0225_PHJ89_0015/LH244",229.3583005
"679","INH1_2023","GEMN-0225_PHJ89_0020/LH244",194.0982909
"680","INH1_2023","GEMN-0225_PHN46_0001/LH244",219.0612762
"681","INH1_2023","GEMN-0225_PHP02_0006/LH244",213.7496319
"682","INH1_2023","GEMN-0225_PHP02_0010/LH244",267.4134653
"683","INH1_2023","GEMN-0225_PHP02_0013/LH244",203.4408001
"684","INH1_2023","GEMN-0225_PHP02_0014/LH244",245.3792978
"685","INH1_2023","GEMN-0238/LH244",232.8955345
"686","INH1_2023","GEMN-0271/LH244",250.9483008
"687","INH1_2023","GEMN-0287/LH244",252.7246013
"688","INH1_2023","LH287/LH244",239.6630328
"689","INH1_2023","LH82/LH244",152.2616541
"690","INH1_2023","MM501D/LH244",210.3572419
"691","INH1_2023","MO44_LH145_0138/LH244",146.1829046
"692","INH1_2023","MO44_PHG47_0072/LH244",155.4302667
"693","INH1_2023","MO44_PHG47_0125/LH244",163.5779383
"694","INH1_2023","MO44_PHW65_0035/LH244",173.4828366
"695","INH1_2023","NKH8431/LH244",130.972106
"696","INH1_2023","OH43/LH244",186.8575609
"697","INH1_2023","PH207/LH244",171.5652638
"698","INH1_2023","PHB47/LH244",175.7756956
"699","INH1_2023","PHB47/PHN82",196.7186293
"700","INH1_2023","PHB47/PHZ51",192.540355
"701","INH1_2023","PHJ90/LH244",224.1804661
"702","INH1_2023","PHN11_LH145_0028/LH244",184.3935795
"703","INH1_2023","PHN11_OH43_0075/LH244",192.6121695
"704","INH1_2023","PHN11_PHW65_0312/LH244",239.2915761
"705","INH1_2023","PHN11_PHW65_0359/LH244",199.1392962
"706","INH1_2023","PHR03/LH244",265.8693008
"707","INH1_2023","PHW30/LH244",213.4218457
"708","INH1_2023","PHW65_MOG_0176/LH244",195.0987103
"709","INH1_2023","PHW65_MOG_0271/LH244",204.522129
"710","INH1_2023","W10001_0009/LH244",140.517257
"711","INH1_2023","W10001_0017/LH244",153.9453727
"712","INH1_2023","W10001_0021/LH244",139.8051511
"713","INH1_2023","W10001_0022/LH244",187.3750277
"714","INH1_2023","W10001_0040/LH244",173.5921723
"715","INH1_2023","W10005_0029/LH244",173.6938246
"716","INH1_2023","W10005_0111/LH244",190.6716691
"717","INH1_2023","W10005_0220/LH244",228.0931089
"718","INH1_2023","W10010_0118/LH244",170.2360026
"719","INH1_2023","W10010_0124/LH244",247.98735
"720","INH1_2023","W10010_0358/LH244",195.0229314
"721","INH1_2023","CG119/CG108",98.10684091
"722","INH1_2023","CG44/CGR01",129.7723466
"723","INH1_2023","PHJ40/PHAJ0",100.5822984
"724","MIH1_2023","B37/H95",175.4686712
"725","MIH1_2023","B73/MO17",204.4696877
"726","MIH1_2023","B73/PHN82",179.8181019
"727","MIH1_2023","B97/LH244",160.6741129
"728","MIH1_2023","BGEM-0039-N/LH244",175.0409962
"729","MIH1_2023","BGEM-0063-N/LH244",181.3599662
"730","MIH1_2023","BGEM-0089-N/LH244",172.9229151
"731","MIH1_2023","GEMN-0096_LH212HT_0004/LH244",200.4960051
"732","MIH1_2023","GEMN-0096_LH212HT_0005/LH244",167.4212181
"733","MIH1_2023","GEMN-0096_PHJ89_0006/LH244",188.3993014
"734","MIH1_2023","GEMN-0096_PHJ89_0009/LH244",170.3998377
"735","MIH1_2023","GEMN-0096_PHJ89_0011/LH244",178.225022
"736","MIH1_2023","GEMN-0096_PHJ89_0012/LH244",182.8459767
"737","MIH1_2023","GEMN-0096_PHJ89_0014/LH244",138.4818361
"738","MIH1_2023","GEMN-0096_PHK76_0003/LH244",130.7485385
"739","MIH1_2023","GEMN-0096_PHK76_0007/LH244",157.8205194
"740","MIH1_2023","GEMN-0096_PHK76_0013/LH244",142.09897
"741","MIH1_2023","GEMN-0096_PHN46_0004/LH244",156.5046898
"742","MIH1_2023","GEMN-0096_PHN46_0007/LH244",142.7524831
"743","MIH1_2023","GEMN-0096_PHN46_0012/LH244",188.9236332
"744","MIH1_2023","GEMN-0096_PHN46_0013/LH244",198.9036365
"745","MIH1_2023","GEMN-0096_PHN46_0020/LH244",155.7285063
"746","MIH1_2023","GEMN-0096_PHP02_0011/LH244",226.4658475
"747","MIH1_2023","GEMN-0096_PHP02_0012/LH244",155.1902828
"748","MIH1_2023","GEMN-0096_PHP02_0016/LH244",196.4944134
"749","MIH1_2023","GEMN-0097/LH244",162.137522
"750","MIH1_2023","GEMN-0097_LH212HT_0019/LH244",190.0582418
"751","MIH1_2023","GEMN-0097_LH212HT_0054/LH244",179.7872574
"752","MIH1_2023","GEMN-0097_LH212HT_0062/LH244",160.9173031
"753","MIH1_2023","GEMN-0097_PHJ89_0005/LH244",192.1655693
"754","MIH1_2023","GEMN-0097_PHJ89_0006/LH244",187.1649814
"755","MIH1_2023","GEMN-0097_PHJ89_0008/LH244",216.3706572
"756","MIH1_2023","GEMN-0097_PHJ89_0012/LH244",229.0731124
"757","MIH1_2023","GEMN-0097_PHJ89_0016/LH244",219.3911133
"758","MIH1_2023","GEMN-0097_PHJ89_0020/LH244",202.7024519
"759","MIH1_2023","GEMN-0097_PHJ89_0026/LH244",207.6685258
"760","MIH1_2023","GEMN-0097_PHJ89_0027/LH244",179.0440524
"761","MIH1_2023","GEMN-0097_PHJ89_0028/LH244",197.6722874
"762","MIH1_2023","GEMN-0097_PHJ89_0029/LH244",174.190249
"763","MIH1_2023","GEMN-0097_PHJ89_0036/LH244",166.8036606
"764","MIH1_2023","GEMN-0097_PHK76_0007/LH244",180.1753199
"765","MIH1_2023","GEMN-0097_PHK76_0009/LH244",202.9099209
"766","MIH1_2023","GEMN-0097_PHK76_0018/LH244",119.1608103
"767","MIH1_2023","GEMN-0097_PHK76_0041/LH244",191.5704396
"768","MIH1_2023","GEMN-0097_PHK76_0048/LH244",149.039981
"769","MIH1_2023","GEMN-0097_PHK76_0060/LH244",189.2079548
"770","MIH1_2023","GEMN-0097_PHN46_0011/LH244",177.5451669
"771","MIH1_2023","GEMN-0097_PHN46_0014/LH244",169.0926695
"772","MIH1_2023","GEMN-0097_PHP02_0005/LH244",170.9053403
"773","MIH1_2023","GEMN-0097_PHP02_0007/LH244",176.5691298
"774","MIH1_2023","GEMN-0144/LH244",223.792883
"775","MIH1_2023","GEMN-0187/LH244",218.2164193
"776","MIH1_2023","GEMN-0192_LH212HT_0012/LH244",164.328284
"777","MIH1_2023","GEMN-0192_LH212HT_0023/LH244",196.4678432
"778","MIH1_2023","GEMN-0192_PHJ89_0001/LH244",162.9256306
"779","MIH1_2023","GEMN-0192_PHK76_0004/LH244",180.8649725
"780","MIH1_2023","GEMN-0192_PHK76_0005/LH244",158.8014814
"781","MIH1_2023","GEMN-0192_PHK76_0009/LH244",145.6877891
"782","MIH1_2023","GEMN-0192_PHK76_0010/LH244",174.3202544
"783","MIH1_2023","GEMN-0192_PHK76_0015/LH244",170.6878896
"784","MIH1_2023","GEMN-0192_PHK76_0016/LH244",172.2246011
"785","MIH1_2023","GEMN-0192_PHK76_0036/LH244",160.6924044
"786","MIH1_2023","GEMN-0192_PHK76_0045/LH244",181.478806
"787","MIH1_2023","GEMN-0192_PHN46_0006/LH244",166.7234062
"788","MIH1_2023","GEMN-0192_PHN46_0008/LH244",163.2803799
"789","MIH1_2023","GEMN-0192_PHN46_0014/LH244",156.6670334
"790","MIH1_2023","GEMN-0192_PHN46_0015/LH244",158.5111344
"791","MIH1_2023","GEMN-0192_PHN46_0025/LH244",145.5180748
"792","MIH1_2023","GEMN-0225_LH212HT_0024/LH244",186.1057735
"793","MIH1_2023","GEMN-0225_PHJ89_0003/LH244",138.8952489
"794","MIH1_2023","GEMN-0225_PHJ89_0008/LH244",188.0315871
"795","MIH1_2023","GEMN-0225_PHJ89_0020/LH244",243.0690115
"796","MIH1_2023","GEMN-0225_PHJ89_0021/LH244",194.085525
"797","MIH1_2023","GEMN-0225_PHJ89_0032/LH244",178.0247625
"798","MIH1_2023","GEMN-0225_PHK76_0002/LH244",174.6102312
"799","MIH1_2023","GEMN-0225_PHK76_0007/LH244",179.1503331
"800","MIH1_2023","GEMN-0225_PHK76_0014/LH244",180.5309772
"801","MIH1_2023","GEMN-0225_PHK76_0019/LH244",164.852574
"802","MIH1_2023","GEMN-0225_PHK76_0028/LH244",193.3168795
"803","MIH1_2023","GEMN-0225_PHK76_0031/LH244",166.8072173
"804","MIH1_2023","GEMN-0225_PHN46_0003/LH244",162.1541399
"805","MIH1_2023","GEMN-0225_PHP02_0006/LH244",169.1208715
"806","MIH1_2023","GEMN-0225_PHP02_0010/LH244",189.6551704
"807","MIH1_2023","GEMN-0225_PHP02_0013/LH244",168.7318175
"808","MIH1_2023","GEMN-0225_PHP02_0014/LH244",206.3562109
"809","MIH1_2023","GEMN-0238/LH244",142.3434637
"810","MIH1_2023","GEMN-0287/LH244",208.1183293
"811","MIH1_2023","LH195/PHZ51",158.2018327
"812","MIH1_2023","LH216/LH244",141.8623973
"813","MIH1_2023","LH283/LH244",154.2370626
"814","MIH1_2023","LH82/LH244",141.7372038
"815","MIH1_2023","MO17_PHW30-200-(2N)-02/LH244",186.1120436
"816","MIH1_2023","MO44_LH145_0138/LH244",141.4926746
"817","MIH1_2023","MO44_PHG47_0072/LH244",163.7572076
"818","MIH1_2023","MO44_PHW65_0035/LH244",127.0602654
"819","MIH1_2023","MOG/LH244",190.3639451
"820","MIH1_2023","PH207/LH244",146.381082
"821","MIH1_2023","PH24E/LH244",141.4118343
"822","MIH1_2023","PHB47/LH244",132.8030605
"823","MIH1_2023","PHB47/PHN82",153.0406103
"824","MIH1_2023","PHB47/PHZ51",157.9901919
"825","MIH1_2023","PHG47/LH244",166.9450474
"826","MIH1_2023","PHK56/LH244",202.154276
"827","MIH1_2023","PHN11/LH244",145.4100786
"828","MIH1_2023","PHN11_LH145_0005/LH244",137.5443487
"829","MIH1_2023","PHN11_LH145_0028/LH244",147.6529412
"830","MIH1_2023","PHN11_OH43_0075/LH244",183.4030233
"831","MIH1_2023","PHN11_OH43_0088/LH244",151.6847372
"832","MIH1_2023","PHN11_PHG47_0251/LH244",163.7764616
"833","MIH1_2023","PHN11_PHW65_0323/LH244",223.5310791
"834","MIH1_2023","PHR03/LH244",142.5772392
"835","MIH1_2023","PHW65_MOG_0176/LH244",194.0460672
"836","MIH1_2023","TX777/LH195",127.0873732
"837","MIH1_2023","W10001_0007/LH244",146.3755169
"838","MIH1_2023","W10001_0022/LH244",160.3389523
"839","MIH1_2023","W10001_0040/LH244",151.0366763
"840","MIH1_2023","W10005_0029/LH244",199.3063314
"841","MIH1_2023","W10005_0111/LH244",157.206142
"842","MIH1_2023","W10010_0118/LH244",152.6411792
"843","MIH1_2023","W10010_0124/LH244",189.605503
"844","MIH1_2023","W10010_0148/LH244",173.6993496
"845","MIH1_2023","W10010_0294/LH244",198.1352777
"846","MIH1_2023","W10010_0358/LH244",187.489675
